[
  {
    "step": "Read dependencies from pom.xml to understand backend setup",
    "sub_steps": [
      "Open /home/coder/project/workspace/question_generation_service/solutions/4c4c35e6-877a-42c8-9301-162e7f89a2bf/springapp/pom.xml",
      "Review dependencies for web, data-jpa, validation, mysql, lombok",
      "Take note of Java version (17) and that Jakarta and Spring Boot 3.x APIs are expected"
    ],
    "files_to_add": [],
    "files_to_edit": [
      "/home/coder/project/workspace/question_generation_service/solutions/4c4c35e6-877a-42c8-9301-162e7f89a2bf/springapp/pom.xml"
    ],
    "description": "Ensuring framework compatibility and available libraries/dependencies for Spring Boot implementation."
  },
  {
    "step": "Implement Entity, Repository, Service, and Controller Classes for Backend",
    "sub_steps": [
      "Create Student, Scholarship, and Application entities with proper fields, validation annotations, and relationships.",
      "Set up ApplicationStatus enum for allowed statuses.",
      "Create JPA repositories for each entity.",
      "Add service classes for encapsulating business logic (esp. for Application creation, status checks, etc).",
      "Implement REST controllers for Student, Scholarship, and Application according to API requirements.",
      "Handle request/response DTOs where needed (e.g., creation, status update).",
      "Ensure validation messages and error handling per requirements (BAD REQUEST, NOT FOUND, etc).",
      "Set up mapping from entities to responses (avoid exposing sensitive JPA internals).",
      "Add global exception handler for 400/404 mapping.",
      "Configure CORS for all API endpoints to allow React frontend."
    ],
    "files_to_add": [
      "/home/coder/project/workspace/question_generation_service/solutions/4c4c35e6-877a-42c8-9301-162e7f89a2bf/springapp/src/main/java/com/examly/springapp/entity/Student.java",
      "/home/coder/project/workspace/question_generation_service/solutions/4c4c35e6-877a-42c8-9301-162e7f89a2bf/springapp/src/main/java/com/examly/springapp/entity/Scholarship.java",
      "/home/coder/project/workspace/question_generation_service/solutions/4c4c35e6-877a-42c8-9301-162e7f89a2bf/springapp/src/main/java/com/examly/springapp/entity/Application.java",
      "/home/coder/project/workspace/question_generation_service/solutions/4c4c35e6-877a-42c8-9301-162e7f89a2bf/springapp/src/main/java/com/examly/springapp/entity/ApplicationStatus.java",
      "/home/coder/project/workspace/question_generation_service/solutions/4c4c35e6-877a-42c8-9301-162e7f89a2bf/springapp/src/main/java/com/examly/springapp/repository/StudentRepository.java",
      "/home/coder/project/workspace/question_generation_service/solutions/4c4c35e6-877a-42c8-9301-162e7f89a2bf/springapp/src/main/java/com/examly/springapp/repository/ScholarshipRepository.java",
      "/home/coder/project/workspace/question_generation_service/solutions/4c4c35e6-877a-42c8-9301-162e7f89a2bf/springapp/src/main/java/com/examly/springapp/repository/ApplicationRepository.java",
      "/home/coder/project/workspace/question_generation_service/solutions/4c4c35e6-877a-42c8-9301-162e7f89a2bf/springapp/src/main/java/com/examly/springapp/service/StudentService.java",
      "/home/coder/project/workspace/question_generation_service/solutions/4c4c35e6-877a-42c8-9301-162e7f89a2bf/springapp/src/main/java/com/examly/springapp/service/ScholarshipService.java",
      "/home/coder/project/workspace/question_generation_service/solutions/4c4c35e6-877a-42c8-9301-162e7f89a2bf/springapp/src/main/java/com/examly/springapp/service/ApplicationService.java",
      "/home/coder/project/workspace/question_generation_service/solutions/4c4c35e6-877a-42c8-9301-162e7f89a2bf/springapp/src/main/java/com/examly/springapp/controller/StudentController.java",
      "/home/coder/project/workspace/question_generation_service/solutions/4c4c35e6-877a-42c8-9301-162e7f89a2bf/springapp/src/main/java/com/examly/springapp/controller/ScholarshipController.java",
      "/home/coder/project/workspace/question_generation_service/solutions/4c4c35e6-877a-42c8-9301-162e7f89a2bf/springapp/src/main/java/com/examly/springapp/controller/ApplicationController.java",
      "/home/coder/project/workspace/question_generation_service/solutions/4c4c35e6-877a-42c8-9301-162e7f89a2bf/springapp/src/main/java/com/examly/springapp/exception/GlobalExceptionHandler.java",
      "/home/coder/project/workspace/question_generation_service/solutions/4c4c35e6-877a-42c8-9301-162e7f89a2bf/springapp/src/main/java/com/examly/springapp/config/CorsConfig.java"
    ],
    "files_to_edit": [
      "/home/coder/project/workspace/question_generation_service/solutions/4c4c35e6-877a-42c8-9301-162e7f89a2bf/springapp/src/main/java/com/examly/springapp/ScholarshipManagementSystemApplication.java"
    ],
    "description": "Creates the full backend data and API layer for Scholarship Management functionality with proper validation, error handling, and CORS."
  },
  {
    "step": "Implement ALL JUnit Backend Test Cases as Specified",
    "sub_steps": [
      "Create or update test classes for StudentController, ScholarshipController, ApplicationController.",
      "Write tests using MockMvc with proper mock repository/service setup.",
      "For each test case, set up test data according to spec.",
      "Implement these tests:",
      " - testCreateStudent: Test student creation and validation",
      " - testGetAllScholarships: Test listing all scholarships",
      " - testFilterActiveScholarships: Test filtering by active flag",
      " - testSubmitApplication: Test application with student/scholarship lookups, deadline, status, relationships",
      " - testUpdateApplicationStatus: Test PUT to change status, comments, validation, error responses",
      "Mock out all repository/service dependencies as needed for isolated controller tests.",
      "Ensure 400/404 error handling is tested for negative cases as well."
    ],
    "files_to_add": [
      "/home/coder/project/workspace/question_generation_service/solutions/4c4c35e6-877a-42c8-9301-162e7f89a2bf/springapp/src/test/java/com/examly/springapp/controller/StudentControllerTest.java",
      "/home/coder/project/workspace/question_generation_service/solutions/4c4c35e6-877a-42c8-9301-162e7f89a2bf/springapp/src/test/java/com/examly/springapp/controller/ScholarshipControllerTest.java",
      "/home/coder/project/workspace/question_generation_service/solutions/4c4c35e6-877a-42c8-9301-162e7f89a2bf/springapp/src/test/java/com/examly/springapp/controller/ApplicationControllerTest.java"
    ],
    "files_to_edit": [],
    "description": "Implements all backend test cases as specified in the requirements, covering all controller API functionality and edge cases."
  },
  {
    "step": "Compile and Test Backend (Spring Boot)",
    "sub_steps": [
      "Run mvn clean compile -q -Dspring.main.banner-mode=off to ensure compilation.",
      "Run mvn test -q -Dspring.main.banner-mode=off to verify all JUnit cases pass."
    ],
    "files_to_add": [],
    "files_to_edit": [],
    "description": "Verifies backend code compiles and all tests (including those required by the test suite) pass correctly."
  },
  {
    "step": "Read dependencies from package.json to understand frontend setup",
    "sub_steps": [
      "Open /home/coder/project/workspace/question_generation_service/solutions/4c4c35e6-877a-42c8-9301-162e7f89a2bf/reactapp/package.json",
      "Take note of major React and testing-library versions.",
      "Check presence of essential dependencies for routing, forms, axios/fetch, testing, and CSS usage.",
      "Confirm standard scripts for build, test:ci, and linting."
    ],
    "files_to_add": [],
    "files_to_edit": [
      "/home/coder/project/workspace/question_generation_service/solutions/4c4c35e6-877a-42c8-9301-162e7f89a2bf/reactapp/package.json"
    ],
    "description": "Ensures the correct libraries and tooling are in place for React + Jest development and testing."
  },
  {
    "step": "Implement React Components, Utilities, and Routing for Frontend",
    "sub_steps": [
      "Create Navbar component with always-visible navigation (Home, Scholarships, Applications, Student Registration).",
      "Create StudentForm with required fields, client validation, form submission, and success/error messages.",
      "Create ScholarshipList (cards with name, amount, deadline, details toggle, active filter) and ScholarshipDetail (full details + Apply button).",
      "Create ApplicationForm (student & scholarship select, document input, validation, feedback).",
      "Create ApplicationList (all applications, filter by status, card click for detail) and ApplicationDetail (detail view, status update controls for authority).",
      "Implement API utilities for fetch/axios, error handling, and configuration (base URL: http://localhost:8080).",
      "Set up React Router DOM routes for all required paths.",
      "Wrap all forms and posts in container with required CSS system/layout using variables and modern styles as specified.",
      "Add or adjust App.js to integrate all components and ensure correct routing behavior.",
      "Read and reference all relevant CSS files (App.css, index.css) and adjust for required modern design variables and form controls."
    ],
    "files_to_add": [
      "/home/coder/project/workspace/question_generation_service/solutions/4c4c35e6-877a-42c8-9301-162e7f89a2bf/reactapp/src/components/Navbar.js",
      "/home/coder/project/workspace/question_generation_service/solutions/4c4c35e6-877a-42c8-9301-162e7f89a2bf/reactapp/src/components/StudentForm.js",
      "/home/coder/project/workspace/question_generation_service/solutions/4c4c35e6-877a-42c8-9301-162e7f89a2bf/reactapp/src/components/ScholarshipList.js",
      "/home/coder/project/workspace/question_generation_service/solutions/4c4c35e6-877a-42c8-9301-162e7f89a2bf/reactapp/src/components/ScholarshipDetail.js",
      "/home/coder/project/workspace/question_generation_service/solutions/4c4c35e6-877a-42c8-9301-162e7f89a2bf/reactapp/src/components/ApplicationForm.js",
      "/home/coder/project/workspace/question_generation_service/solutions/4c4c35e6-877a-42c8-9301-162e7f89a2bf/reactapp/src/components/ApplicationList.js",
      "/home/coder/project/workspace/question_generation_service/solutions/4c4c35e6-877a-42c8-9301-162e7f89a2bf/reactapp/src/components/ApplicationDetail.js",
      "/home/coder/project/workspace/question_generation_service/solutions/4c4c35e6-877a-42c8-9301-162e7f89a2bf/reactapp/src/utils/api.js"
    ],
    "files_to_edit": [
      "/home/coder/project/workspace/question_generation_service/solutions/4c4c35e6-877a-42c8-9301-162e7f89a2bf/reactapp/src/App.js",
      "/home/coder/project/workspace/question_generation_service/solutions/4c4c35e6-877a-42c8-9301-162e7f89a2bf/reactapp/src/App.css",
      "/home/coder/project/workspace/question_generation_service/solutions/4c4c35e6-877a-42c8-9301-162e7f89a2bf/reactapp/src/index.css"
    ],
    "description": "Implements all React components, APIs, styles, and navigation for the Scholarship Management frontend with reusable logic and UI according to the requirements."
  },
  {
    "step": "Implement ALL Jest Frontend Test Cases Side-by-Side with Components",
    "sub_steps": [
      "Create component test files immediately after (or along with) each component:",
      " - StudentForm.test.js: Rendering, validation, error/success logic.",
      " - ScholarshipList.test.js: Card rendering, toggle, mock API, scholarships displayed.",
      " - ApplicationList.test.js: Filtering, display by status, clickable cards.",
      " - ApplicationDetail.test.js: Display application information, authority controls, comments.",
      "Always match test names and assertions exactly to test specification.",
      "Mock fetch/axios API calls for controlled test data.",
      "Check for correct selectors, validation error text, and status displays.",
      "NEVER call RTL cleanup manually; let library handle cleanups.",
      "Use waitFor() for async state, and data-testid selectors for reliability.",
      "Ensure minimal but robust test setup for each scenario and test isolation."
    ],
    "files_to_add": [
      "/home/coder/project/workspace/question_generation_service/solutions/4c4c35e6-877a-42c8-9301-162e7f89a2bf/reactapp/src/components/StudentForm.test.js",
      "/home/coder/project/workspace/question_generation_service/solutions/4c4c35e6-877a-42c8-9301-162e7f89a2bf/reactapp/src/components/ScholarshipList.test.js",
      "/home/coder/project/workspace/question_generation_service/solutions/4c4c35e6-877a-42c8-9301-162e7f89a2bf/reactapp/src/components/ApplicationList.test.js",
      "/home/coder/project/workspace/question_generation_service/solutions/4c4c35e6-877a-42c8-9301-162e7f89a2bf/reactapp/src/components/ApplicationDetail.test.js"
    ],
    "files_to_edit": [],
    "description": "Implements, side-by-side, robust Jest/React Testing Library tests strictly according to the provided test suite for each UI component."
  },
  {
    "step": "Compile and Test Frontend (React + Jest)",
    "sub_steps": [
      "Run npm install in reactapp to set up dependencies.",
      "Run npm run build to check for build/compilation issues.",
      "Run npx eslint src/ --fix to auto-fix style/code issues.",
      "Run npm run test:ci for CI-mode, all Jest tests, and check all provided tests pass.",
      "No use of npm start or manual test/coverage flags."
    ],
    "files_to_add": [],
    "files_to_edit": [],
    "description": "Completes frontend build and ensures all specification-compliant Jest test cases pass. Checks for code quality before submitting."
  }
]